topic,news,date
Cryptocurrency A,"Cryptocurrency A sees a significant rise in value, with analysts predicting continued growth due to its innovative blockchain technology.",2024-06-01
Cryptocurrency B,"Cryptocurrency B launches a new feature to enhance security, aiming to attract more institutional investors.",2024-06-02
Cryptocurrency C,Cryptocurrency C partners with a major financial institution to offer new decentralized finance solutions.,2024-06-03
Cryptocurrency D,"Cryptocurrency D experiences a major hack, leading to significant loss of funds and sparking debate on its security measures.",2024-06-04
Cryptocurrency E,"Cryptocurrency E is listed on a major exchange, increasing its visibility and accessibility to investors.",2024-06-05
Cryptocurrency F,Cryptocurrency F introduces a new staking mechanism that offers higher rewards for long-term holders.,2024-06-06
Cryptocurrency G,"Cryptocurrency G receives a major investment from a prominent venture capital firm, boosting its development plans.",2024-06-07
Cryptocurrency H,Cryptocurrency H implements a new consensus algorithm to improve transaction speed and scalability.,2024-06-08
Cryptocurrency I,Cryptocurrency I expands its team by hiring several experts in blockchain technology and finance.,2024-06-09
Cryptocurrency J,Cryptocurrency J faces regulatory scrutiny over its initial coin offering and compliance with financial regulations.,2024-06-10
Cryptocurrency K,Cryptocurrency K announces a partnership with a tech giant to integrate its blockchain solutions into existing systems.,2024-06-11
Cryptocurrency L,"Cryptocurrency L launches its mainnet, transitioning from a test network and enabling real transactions.",2024-06-12
Cryptocurrency M,"Cryptocurrency M integrates with a popular wallet, making it easier for users to store and manage their assets.",2024-06-13
Cryptocurrency N,"Cryptocurrency N is adopted by a major retailer, allowing customers to make purchases using the cryptocurrency.",2024-06-14
Cryptocurrency O,"Cryptocurrency O updates its roadmap, outlining future developments and milestones for the project.",2024-06-15
